﻿review,lang,translated_en,cleaned,tokens,sentences,clean_joined,cluster
"Hello from Maryland. Awesome review bro! Amazon just ran an “open box”deal on this helmet last month, brand new in size XL only, never worn and I paid $85 each, so I got 2 for less than the price of one! The manufacturer date is 11/2024 on both. Your very detailed, accurate and concise review is what compelled me to purchase them. Also, Amazon and Revzilla sells the Pinlock visor for $40 bucks a pop! Thanks again for this informative review. I just subbed. Stay skilled to stay safe is my motto. Coolest vibes.

😎 🏍️💨 🇺🇸✌️",en,"Hello from Maryland. Awesome review bro! Amazon just ran an “open box”deal on this helmet last month, brand new in size XL only, never worn and I paid $85 each, so I got 2 for less than the price of one! The manufacturer date is 11/2024 on both. Your very detailed, accurate and concise review is what compelled me to purchase them. Also, Amazon and Revzilla sells the Pinlock visor for $40 bucks a pop! Thanks again for this informative review. I just subbed. Stay skilled to stay safe is my motto. Coolest vibes.

😎 🏍️💨 🇺🇸✌️","hello from maryland. awesome review bro! amazon just ran an “open box”deal on this helmet last month, brand new in size xl only, never worn and i paid $85 each, so i got 2 for less than the price of one! the manufacturer date is 11/2024 on both. your very detailed, accurate and concise review is what compelled me to purchase them. also, amazon and revzilla sells the pinlock visor for $40 bucks a pop! thanks again for this informative review. i just subbed. stay skilled to stay safe is my motto. coolest vibes. 😎 🏍️💨 🇺🇸✌️","['hello', 'maryland', 'awesome', 'review', 'bro', 'amazon', 'ran', '“', 'open', 'box', '”', 'deal', 'helmet', 'last', 'month', 'brand', 'new', 'size', 'xl', 'never', 'worn', 'paid', '85', 'got', '2', 'less', 'price', 'one', 'manufacturer', 'date', '11/2024', 'detailed', 'accurate', 'concise', 'review', 'compelled', 'purchase', 'also', 'amazon', 'revzilla', 'sell', 'pinlock', 'visor', '40', 'buck', 'pop', 'thanks', 'informative', 'review', 'subbed', 'stay', 'skilled', 'stay', 'safe', 'motto', 'coolest', 'vibe', '😎', '🏍️💨', '🇺🇸✌️']","['hello from maryland.', 'awesome review bro!', 'amazon just ran an “open box”deal on this helmet last month, brand new in size xl only, never worn and i paid $85 each, so i got 2 for less than the price of one!', 'the manufacturer date is 11/2024 on both.', 'your very detailed, accurate and concise review is what compelled me to purchase them.', 'also, amazon and revzilla sells the pinlock visor for $40 bucks a pop!', 'thanks again for this informative review.', 'i just subbed.', 'stay skilled to stay safe is my motto.', 'coolest vibes.', '😎 🏍️💨 🇺🇸✌️']",hello maryland awesome review bro amazon ran “ open box ” deal helmet last month brand new size xl never worn paid 85 got 2 less price one manufacturer date 11/2024 detailed accurate concise review compelled purchase also amazon revzilla sell pinlock visor 40 buck pop thanks informative review subbed stay skilled stay safe motto coolest vibe 😎 🏍️💨 🇺🇸✌️,1
I can’t find any replacement shield options that aren’t clear! Harley has a smoke one but it’s been on back order for over a year now,en,I can’t find any replacement shield options that aren’t clear! Harley has a smoke one but it’s been on back order for over a year now,i can’t find any replacement shield options that aren’t clear! harley has a smoke one but it’s been on back order for over a year now,"['’', 'find', 'replacement', 'shield', 'option', '’', 'clear', 'harley', 'smoke', 'one', '’', 'back', 'order', 'year']","['i can’t find any replacement shield options that aren’t clear!', 'harley has a smoke one but it’s been on back order for over a year now']",’ find replacement shield option ’ clear harley smoke one ’ back order year,0
My wife and I love the coms on this helmet. We have the HD version.,en,My wife and I love the coms on this helmet. We have the HD version.,my wife and i love the coms on this helmet. we have the hd version.,"['wife', 'love', 'coms', 'helmet', 'hd', 'version']","['my wife and i love the coms on this helmet.', 'we have the hd version.']",wife love coms helmet hd version,2
"I bought the Harley version, my biggest problem with it is my music isn’t as loud as my phone calls.  When I get over 50mph it’s nearly impossible to hear.",en,"I bought the Harley version, my biggest problem with it is my music isn’t as loud as my phone calls.  When I get over 50mph it’s nearly impossible to hear.","i bought the harley version, my biggest problem with it is my music isn’t as loud as my phone calls. when i get over 50mph it’s nearly impossible to hear.","['bought', 'harley', 'version', 'biggest', 'problem', 'music', '’', 'loud', 'phone', 'call', 'get', '50mph', '’', 'nearly', 'impossible', 'hear']","['i bought the harley version, my biggest problem with it is my music isn’t as loud as my phone calls.', 'when i get over 50mph it’s nearly impossible to hear.']",bought harley version biggest problem music ’ loud phone call get 50mph ’ nearly impossible hear,0
Outrush*,sq,Outrush*,outrush*,['outrush'],['outrush*'],outrush,0
Bro I have a 2025 outright harley davidson helmet it has fm radio the only thing I don't like is the speakers arnt great for music,en,Bro I have a 2025 outright harley davidson helmet it has fm radio the only thing I don't like is the speakers arnt great for music,bro i have a 2025 outright harley davidson helmet it has fm radio the only thing i don't like is the speakers arnt great for music,"['bro', '2025', 'outright', 'harley', 'davidson', 'helmet', 'fm', 'radio', 'thing', ""n't"", 'like', 'speaker', 'arnt', 'great', 'music']","[""bro i have a 2025 outright harley davidson helmet it has fm radio the only thing i don't like is the speakers arnt great for music""]",bro 2025 outright harley davidson helmet fm radio thing n't like speaker arnt great music,0
"I heard pretty much no noise from your bike or the wind during the VLOG.

Do you find the helmet to be quiet?",en,"I heard pretty much no noise from your bike or the wind during the VLOG.

Do you find the helmet to be quiet?",i heard pretty much no noise from your bike or the wind during the vlog. do you find the helmet to be quiet?,"['heard', 'pretty', 'much', 'noise', 'bike', 'wind', 'vlog', 'find', 'helmet', 'quiet']","['i heard pretty much no noise from your bike or the wind during the vlog.', 'do you find the helmet to be quiet?']",heard pretty much noise bike wind vlog find helmet quiet,2
"Hey, thanks for the review. Do you still feel the same about the helmet or has anything changed? I'm considering getting one because the price point compared to any other helmet + comm system is honestly insane. I also saw that pinlock is now an option.",en,"Hey, thanks for the review. Do you still feel the same about the helmet or has anything changed? I'm considering getting one because the price point compared to any other helmet + comm system is honestly insane. I also saw that pinlock is now an option.","hey, thanks for the review. do you still feel the same about the helmet or has anything changed? i'm considering getting one because the price point compared to any other helmet + comm system is honestly insane. i also saw that pinlock is now an option.","['hey', 'thanks', 'review', 'still', 'feel', 'helmet', 'anything', 'changed', ""'m"", 'considering', 'getting', 'one', 'price', 'point', 'compared', 'helmet', 'comm', 'system', 'honestly', 'insane', 'also', 'saw', 'pinlock', 'option']","['hey, thanks for the review.', 'do you still feel the same about the helmet or has anything changed?', ""i'm considering getting one because the price point compared to any other helmet + comm system is honestly insane."", 'i also saw that pinlock is now an option.']",hey thanks review still feel helmet anything changed 'm considering getting one price point compared helmet comm system honestly insane also saw pinlock option,2
"The newer versions of this can add pinlock, thankfully. I just ordered one",en,"The newer versions of this can add pinlock, thankfully. I just ordered one","the newer versions of this can add pinlock, thankfully. i just ordered one","['newer', 'version', 'add', 'pinlock', 'thankfully', 'ordered', 'one']","['the newer versions of this can add pinlock, thankfully.', 'i just ordered one']",newer version add pinlock thankfully ordered one,2
Speaker doesn’t go loud enough to hear while riding,en,Speaker doesn’t go loud enough to hear while riding,speaker doesn’t go loud enough to hear while riding,"['speaker', '’', 'go', 'loud', 'enough', 'hear', 'riding']",['speaker doesn’t go loud enough to hear while riding'],speaker ’ go loud enough hear riding,0
I'm looking at getting this helmet do you still feel as strongly about this helmet or would you recommend a different setup. Ball cap won't do it anymore for wife and 3 kiddos cant act like a youngen anymore lol.,en,I'm looking at getting this helmet do you still feel as strongly about this helmet or would you recommend a different setup. Ball cap won't do it anymore for wife and 3 kiddos cant act like a youngen anymore lol.,i'm looking at getting this helmet do you still feel as strongly about this helmet or would you recommend a different setup. ball cap won't do it anymore for wife and 3 kiddos cant act like a youngen anymore lol.,"[""'m"", 'looking', 'getting', 'helmet', 'still', 'feel', 'strongly', 'helmet', 'would', 'recommend', 'different', 'setup', 'ball', 'cap', 'wo', ""n't"", 'anymore', 'wife', '3', 'kiddos', 'cant', 'act', 'like', 'youngen', 'anymore', 'lol']","[""i'm looking at getting this helmet do you still feel as strongly about this helmet or would you recommend a different setup."", ""ball cap won't do it anymore for wife and 3 kiddos cant act like a youngen anymore lol.""]",'m looking getting helmet still feel strongly helmet would recommend different setup ball cap wo n't anymore wife 3 kiddos cant act like youngen anymore lol,0
"SENA OUTRUSH R - Harley Davidson, A piece of junk helmet> I bought it for €460 at Makinostra, the official Harley Davidson store in Madrid, Spain.
In less than 6 months, all the screws, buckles and metal components were so rusty that they fell apart in your hands, and in less than 2 years the battery no longer charges, you can't update the firmware and SENA washes its hands of it.
I will never buy a SENA or Harley Davidson helmet again. It's simply not worth the money.",en,"SENA OUTRUSH R - Harley Davidson, A piece of junk helmet> I bought it for €460 at Makinostra, the official Harley Davidson store in Madrid, Spain.
In less than 6 months, all the screws, buckles and metal components were so rusty that they fell apart in your hands, and in less than 2 years the battery no longer charges, you can't update the firmware and SENA washes its hands of it.
I will never buy a SENA or Harley Davidson helmet again. It's simply not worth the money.","sena outrush r - harley davidson, a piece of junk helmet> i bought it for €460 at makinostra, the official harley davidson store in madrid, spain. in less than 6 months, all the screws, buckles and metal components were so rusty that they fell apart in your hands, and in less than 2 years the battery no longer charges, you can't update the firmware and sena washes its hands of it. i will never buy a sena or harley davidson helmet again. it's simply not worth the money.","['sena', 'outrush', 'r', 'harley', 'davidson', 'piece', 'junk', 'helmet', 'bought', '€460', 'makinostra', 'official', 'harley', 'davidson', 'store', 'madrid', 'spain', 'less', '6', 'month', 'screw', 'buckle', 'metal', 'component', 'rusty', 'fell', 'apart', 'hand', 'less', '2', 'year', 'battery', 'longer', 'charge', 'ca', ""n't"", 'update', 'firmware', 'sena', 'wash', 'hand', 'never', 'buy', 'sena', 'harley', 'davidson', 'helmet', ""'s"", 'simply', 'worth', 'money']","['sena outrush r - harley davidson, a piece of junk helmet> i bought it for €460 at makinostra, the official harley davidson store in madrid, spain.', ""in less than 6 months, all the screws, buckles and metal components were so rusty that they fell apart in your hands, and in less than 2 years the battery no longer charges, you can't update the firmware and sena washes its hands of it."", 'i will never buy a sena or harley davidson helmet again.', ""it's simply not worth the money.""]",sena outrush r harley davidson piece junk helmet bought €460 makinostra official harley davidson store madrid spain less 6 month screw buckle metal component rusty fell apart hand less 2 year battery longer charge ca n't update firmware sena wash hand never buy sena harley davidson helmet 's simply worth money,0
"I waa looking at this helmet to. No pinlock shield and the fact that i already had a Sena 20S Evo stopped me from getting it. Good helmet though. 

I ended up with the Simpson Modular Bandit. I upgraded my in helmet speakera to the to the high definition speakers. Great sound. 
The only problem is a little wind noise when the shield is up.

Thanks for sharing",en,"I waa looking at this helmet to. No pinlock shield and the fact that i already had a Sena 20S Evo stopped me from getting it. Good helmet though. 

I ended up with the Simpson Modular Bandit. I upgraded my in helmet speakera to the to the high definition speakers. Great sound. 
The only problem is a little wind noise when the shield is up.

Thanks for sharing",i waa looking at this helmet to. no pinlock shield and the fact that i already had a sena 20s evo stopped me from getting it. good helmet though. i ended up with the simpson modular bandit. i upgraded my in helmet speakera to the to the high definition speakers. great sound. the only problem is a little wind noise when the shield is up. thanks for sharing,"['waa', 'looking', 'helmet', 'pinlock', 'shield', 'fact', 'already', 'sena', '20', 'evo', 'stopped', 'getting', 'good', 'helmet', 'though', 'ended', 'simpson', 'modular', 'bandit', 'upgraded', 'helmet', 'speakera', 'high', 'definition', 'speaker', 'great', 'sound', 'problem', 'little', 'wind', 'noise', 'shield', 'thanks', 'sharing']","['i waa looking at this helmet to.', 'no pinlock shield and the fact that i already had a sena 20s evo stopped me from getting it.', 'good helmet though.', 'i ended up with the simpson modular bandit.', 'i upgraded my in helmet speakera to the to the high definition speakers.', 'great sound.', 'the only problem is a little wind noise when the shield is up.', 'thanks for sharing']",waa looking helmet pinlock shield fact already sena 20 evo stopped getting good helmet though ended simpson modular bandit upgraded helmet speakera high definition speaker great sound problem little wind noise shield thanks sharing,0
Can you tell me what you get for battery life while you listen to music? I never believe the factory claims.,en,Can you tell me what you get for battery life while you listen to music? I never believe the factory claims.,can you tell me what you get for battery life while you listen to music? i never believe the factory claims.,"['tell', 'get', 'battery', 'life', 'listen', 'music', 'never', 'believe', 'factory', 'claim']","['can you tell me what you get for battery life while you listen to music?', 'i never believe the factory claims.']",tell get battery life listen music never believe factory claim,2
"I just bought the Harley-Davidson version of the Sena Outrush-R.
It has a manufacture date of 04/2024. It came with the PinLock visor, and FM Radio.
I will agree that with the visor closed, ventilation sucks during the summer months.
I am very pleased with this helmet.  👍",en,"I just bought the Harley-Davidson version of the Sena Outrush-R.
It has a manufacture date of 04/2024. It came with the PinLock visor, and FM Radio.
I will agree that with the visor closed, ventilation sucks during the summer months.
I am very pleased with this helmet.  👍","i just bought the harley-davidson version of the sena outrush-r. it has a manufacture date of 04/2024. it came with the pinlock visor, and fm radio. i will agree that with the visor closed, ventilation sucks during the summer months. i am very pleased with this helmet. 👍","['bought', 'harley-davidson', 'version', 'sena', 'outrush-r.', 'manufacture', 'date', '04/2024', 'came', 'pinlock', 'visor', 'fm', 'radio', 'agree', 'visor', 'closed', 'ventilation', 'suck', 'summer', 'month', 'pleased', 'helmet', '👍']","['i just bought the harley-davidson version of the sena outrush-r. it has a manufacture date of 04/2024.', 'it came with the pinlock visor, and fm radio.', 'i will agree that with the visor closed, ventilation sucks during the summer months.', 'i am very pleased with this helmet.', '👍']",bought harley-davidson version sena outrush-r. manufacture date 04/2024 came pinlock visor fm radio agree visor closed ventilation suck summer month pleased helmet 👍,0
Nice review very detailed,en,Nice review very detailed,nice review very detailed,"['nice', 'review', 'detailed']",['nice review very detailed'],nice review detailed,1
"I have a sena outrush helmet. The biggest bitch I have is summertime in Florida. Mid 90's with heat index over 100. The airflow for cooling sux. I have a high and tight haircut. Hardly any hair.
After a one hour drive out in the country or interstate you take your helmet off and stopping wet with sweat and the helmet is soaked. After 1 day of riding you have to remove the lining  to get rid of the locker room smell.",en,"I have a sena outrush helmet. The biggest bitch I have is summertime in Florida. Mid 90's with heat index over 100. The airflow for cooling sux. I have a high and tight haircut. Hardly any hair.
After a one hour drive out in the country or interstate you take your helmet off and stopping wet with sweat and the helmet is soaked. After 1 day of riding you have to remove the lining  to get rid of the locker room smell.",i have a sena outrush helmet. the biggest bitch i have is summertime in florida. mid 90's with heat index over 100. the airflow for cooling sux. i have a high and tight haircut. hardly any hair. after a one hour drive out in the country or interstate you take your helmet off and stopping wet with sweat and the helmet is soaked. after 1 day of riding you have to remove the lining to get rid of the locker room smell.,"['sena', 'outrush', 'helmet', 'biggest', 'bitch', 'summertime', 'florida', 'mid', '90', ""'s"", 'heat', 'index', '100.', 'airflow', 'cooling', 'sux', 'high', 'tight', 'haircut', 'hardly', 'hair', 'one', 'hour', 'drive', 'country', 'interstate', 'take', 'helmet', 'stopping', 'wet', 'sweat', 'helmet', 'soaked', '1', 'day', 'riding', 'remove', 'lining', 'get', 'rid', 'locker', 'room', 'smell']","['i have a sena outrush helmet.', 'the biggest bitch i have is summertime in florida.', ""mid 90's with heat index over 100. the airflow for cooling sux."", 'i have a high and tight haircut.', 'hardly any hair.', 'after a one hour drive out in the country or interstate you take your helmet off and stopping wet with sweat and the helmet is soaked.', 'after 1 day of riding you have to remove the lining to get rid of the locker room smell.']",sena outrush helmet biggest bitch summertime florida mid 90 's heat index 100. airflow cooling sux high tight haircut hardly hair one hour drive country interstate take helmet stopping wet sweat helmet soaked 1 day riding remove lining get rid locker room smell,2
Can you replace the Bluetooth device for another ?,en,Can you replace the Bluetooth device for another ?,can you replace the bluetooth device for another ?,"['replace', 'bluetooth', 'device', 'another']",['can you replace the bluetooth device for another ?'],replace bluetooth device another,0
"https://youtu.be/jEtKvzejyBs?si=pEjxnyhWCLmDK07V
This video says there’s a way to get pinlock for these helmets",en,"https://youtu.be/jEtKvzejyBs?si=pEjxnyhWCLmDK07V
This video says there’s a way to get pinlock for these helmets",this video says there’s a way to get pinlock for these helmets,"['video', 'say', '’', 'way', 'get', 'pinlock', 'helmet']",['this video says there’s a way to get pinlock for these helmets'],video say ’ way get pinlock helmet,2
You can't get color visors..that's a bummer,en,You can't get color visors..that's a bummer,you can't get color visors..that's a bummer,"['ca', ""n't"", 'get', 'color', 'visor', ""'s"", 'bummer']","[""you can't get color visors..that's a bummer""]",ca n't get color visor 's bummer,2
"Hello Jim, do you have a link for smoked visor? Thank you bud. Like the video very informal and shit",en,"Hello Jim, do you have a link for smoked visor? Thank you bud. Like the video very informal and shit","hello jim, do you have a link for smoked visor? thank you bud. like the video very informal and shit","['hello', 'jim', 'link', 'smoked', 'visor', 'thank', 'bud', 'like', 'video', 'informal', 'shit']","['hello jim, do you have a link for smoked visor?', 'thank you bud.', 'like the video very informal and shit']",hello jim link smoked visor thank bud like video informal shit,2
"Yeah, I love pinlock.",en,"Yeah, I love pinlock.","yeah, i love pinlock.","['yeah', 'love', 'pinlock']","['yeah, i love pinlock.']",yeah love pinlock,2
How is the sound when listening to music at highway speeds,en,How is the sound when listening to music at highway speeds,how is the sound when listening to music at highway speeds,"['sound', 'listening', 'music', 'highway', 'speed']",['how is the sound when listening to music at highway speeds'],sound listening music highway speed,0
I have pin lock on mine,en,I have pin lock on mine,i have pin lock on mine,"['pin', 'lock', 'mine']",['i have pin lock on mine'],pin lock mine,0
"Hey Jim, was looking at buying this from HD. You mentioned you can buy tinted visors for this one but I cant seem to find them, only a light smoked version. Do you  have any links to them? I think it's the pnly thing keeping me from purchasing. Great review, have a great season. Im in Ottawa.",en,"Hey Jim, was looking at buying this from HD. You mentioned you can buy tinted visors for this one but I cant seem to find them, only a light smoked version. Do you  have any links to them? I think it's the pnly thing keeping me from purchasing. Great review, have a great season. Im in Ottawa.","hey jim, was looking at buying this from hd. you mentioned you can buy tinted visors for this one but i cant seem to find them, only a light smoked version. do you have any links to them? i think it's the pnly thing keeping me from purchasing. great review, have a great season. im in ottawa.","['hey', 'jim', 'looking', 'buying', 'hd', 'mentioned', 'buy', 'tinted', 'visor', 'one', 'cant', 'seem', 'find', 'light', 'smoked', 'version', 'link', 'think', ""'s"", 'pnly', 'thing', 'keeping', 'purchasing', 'great', 'review', 'great', 'season', 'im', 'ottawa']","['hey jim, was looking at buying this from hd.', 'you mentioned you can buy tinted visors for this one but i cant seem to find them, only a light smoked version.', 'do you have any links to them?', ""i think it's the pnly thing keeping me from purchasing."", 'great review, have a great season.', 'im in ottawa.']",hey jim looking buying hd mentioned buy tinted visor one cant seem find light smoked version link think 's pnly thing keeping purchasing great review great season im ottawa,0
How much was the extra chin mount? Looks like not go pro so would fit others. Does it block buttons? My chin mount wraps around and blocks buttons. Dont use modular function anymore. I tried one of these on in storevand could not get glasses in though. I would have to stuff my mic in there too.,en,How much was the extra chin mount? Looks like not go pro so would fit others. Does it block buttons? My chin mount wraps around and blocks buttons. Dont use modular function anymore. I tried one of these on in storevand could not get glasses in though. I would have to stuff my mic in there too.,how much was the extra chin mount? looks like not go pro so would fit others. does it block buttons? my chin mount wraps around and blocks buttons. dont use modular function anymore. i tried one of these on in storevand could not get glasses in though. i would have to stuff my mic in there too.,"['much', 'extra', 'chin', 'mount', 'look', 'like', 'go', 'pro', 'would', 'fit', 'others', 'block', 'button', 'chin', 'mount', 'wrap', 'around', 'block', 'button', 'dont', 'use', 'modular', 'function', 'anymore', 'tried', 'one', 'storevand', 'could', 'get', 'glass', 'though', 'would', 'stuff', 'mic']","['how much was the extra chin mount?', 'looks like not go pro so would fit others.', 'does it block buttons?', 'my chin mount wraps around and blocks buttons.', 'dont use modular function anymore.', 'i tried one of these on in storevand could not get glasses in though.', 'i would have to stuff my mic in there too.']",much extra chin mount look like go pro would fit others block button chin mount wrap around block button dont use modular function anymore tried one storevand could get glass though would stuff mic,2
"Fogging is my major complaint as well when stopped. I have to keep the visor in that first position you showed just prior to being locked. Feeling the buttons on the newer version with gloves is another challenge. Otherwise, intercom between my wife and daughter is awesome and easy to connect. You do not have to cycle through intercom. The three of us talk back and forth all time. It’s cool it because it comes in either Harley Davidson branding or like my wife she saved $75 and bought the Sena branding. Same helmet.",en,"Fogging is my major complaint as well when stopped. I have to keep the visor in that first position you showed just prior to being locked. Feeling the buttons on the newer version with gloves is another challenge. Otherwise, intercom between my wife and daughter is awesome and easy to connect. You do not have to cycle through intercom. The three of us talk back and forth all time. It’s cool it because it comes in either Harley Davidson branding or like my wife she saved $75 and bought the Sena branding. Same helmet.","fogging is my major complaint as well when stopped. i have to keep the visor in that first position you showed just prior to being locked. feeling the buttons on the newer version with gloves is another challenge. otherwise, intercom between my wife and daughter is awesome and easy to connect. you do not have to cycle through intercom. the three of us talk back and forth all time. it’s cool it because it comes in either harley davidson branding or like my wife she saved $75 and bought the sena branding. same helmet.","['fogging', 'major', 'complaint', 'well', 'stopped', 'keep', 'visor', 'first', 'position', 'showed', 'prior', 'locked', 'feeling', 'button', 'newer', 'version', 'glove', 'another', 'challenge', 'otherwise', 'intercom', 'wife', 'daughter', 'awesome', 'easy', 'connect', 'cycle', 'intercom', 'three', 'u', 'talk', 'back', 'forth', 'time', '’', 'cool', 'come', 'either', 'harley', 'davidson', 'branding', 'like', 'wife', 'saved', '75', 'bought', 'sena', 'branding', 'helmet']","['fogging is my major complaint as well when stopped.', 'i have to keep the visor in that first position you showed just prior to being locked.', 'feeling the buttons on the newer version with gloves is another challenge.', 'otherwise, intercom between my wife and daughter is awesome and easy to connect.', 'you do not have to cycle through intercom.', 'the three of us talk back and forth all time.', 'it’s cool it because it comes in either harley davidson branding or like my wife she saved $75 and bought the sena branding.', 'same helmet.']",fogging major complaint well stopped keep visor first position showed prior locked feeling button newer version glove another challenge otherwise intercom wife daughter awesome easy connect cycle intercom three u talk back forth time ’ cool come either harley davidson branding like wife saved 75 bought sena branding helmet,0
Just subded good stuff 👍🏾,en,Just subded good stuff 👍🏾,just subded good stuff 👍🏾,"['subded', 'good', 'stuff', '👍🏾']",['just subded good stuff 👍🏾'],subded good stuff 👍🏾,0
Pinlock is a must up here in the north. Nice review! 👊🏼🇺🇸,en,Pinlock is a must up here in the north. Nice review! 👊🏼🇺🇸,pinlock is a must up here in the north. nice review! 👊🏼🇺🇸,"['pinlock', 'must', 'north', 'nice', 'review', '👊🏼🇺🇸']","['pinlock is a must up here in the north.', 'nice review!', '👊🏼🇺🇸']",pinlock must north nice review 👊🏼🇺🇸,1
